<?xml version="1.0"?>
<!--
  Copyright © 2015 Wyomind. All rights reserved.
  See LICENSE.txt for license details.
 -->
<config xmlns:xsi="http://www.w3.org/2001/XMLSchema-instance" xsi:noNamespaceSchemaLocation="../../../../../lib/internal/Magento/Framework/Acl/etc/acl.xsd">
    <acl>
        <resources>
            <resource id="Magento_Backend::admin">
                <resource id="Wyomind_Elasticsearch::main" title="Elasticsearch" sortOrder="10">
                    <resource id="Wyomind_Elasticsearch::products" title="Browse Products" sortOrder="10" />
                    <resource id="Wyomind_Elasticsearch::categories" title="Browse Categories" sortOrder="20" />
                    <resource id="Wyomind_Elasticsearch::cms" title="Browse CMS Pages" sortOrder="30" />
                </resource>
            </resource>
        </resources>
    </acl>
</config>
